query,volume_mo,maps_to,source
lịch âm,2740000,/lich-am,dataforseo/google_ads_vn
lịch âm hôm nay,1500000,/lich-am,dataforseo/google_ads_vn
âm lịch hôm nay,823000,/lich-am,dataforseo/google_ads_vn
lịch âm 2026,301000,/lich-am/nam-2026,dataforseo/google_ads_vn
lịch âm 2025,246000,/lich-am/nam-2025,dataforseo/google_ads_vn
ngày âm hôm nay,165000,/lich-am,dataforseo/google_ads_vn
lịch âm dương,110000,/lich-am,dataforseo/google_ads_vn
lịch vạn niên 2025,110000,/lich-am/nam-2025,dataforseo/google_ads_vn
ngày âm lịch,49500,/lich-am,dataforseo/google_ads_vn
đổi ngày dương sang âm,6600,/doi-lich-am-duong,dataforseo/google_ads_vn
ngày hoàng đạo,6600,/ngay-hoang-dao-hom-nay,dataforseo/google_ads_vn
giờ hoàng đạo,6600,/gio-hoang-dao-hom-nay,dataforseo/google_ads_vn
đổi lịch âm dương,3600,/doi-lich-am-duong,dataforseo/google_ads_vn
đổi ngày âm sang dương,3600,/doi-lich-am-duong,dataforseo/google_ads_vn
lịch âm tháng 2,3600,/lich-am/thang-02-2026,dataforseo/google_ads_vn
lịch âm tháng 8,2900,/lich-am/thang-08-2026,dataforseo/google_ads_vn
ngày tốt xấu hôm nay,2900,/ngay-hoang-dao-hom-nay,dataforseo/google_ads_vn
lịch âm tháng 3,1900,/lich-am/thang-03-2026,dataforseo/google_ads_vn
lịch âm tháng 4,1600,/lich-am/thang-04-2026,dataforseo/google_ads_vn
lịch âm tháng 1,1300,/lich-am/thang-01-2026,dataforseo/google_ads_vn
lịch âm tháng 5,1300,/lich-am/thang-05-2026,dataforseo/google_ads_vn
ngày tốt để cắt tóc,1000,/ngay-tot/cat-toc,dataforseo/google_ads_vn
ngày hoàng đạo hôm nay,880,/ngay-hoang-dao-hom-nay,dataforseo/google_ads_vn
âm lịch tháng 2,480,/lich-am/thang-02-2026,dataforseo/google_ads_vn
âm lịch tháng 7,480,/lich-am/thang-07-2026,dataforseo/google_ads_vn
âm lịch tháng 9,390,/lich-am/thang-09-2026,dataforseo/google_ads_vn
âm lịch tháng 10,390,/lich-am/thang-10-2026,dataforseo/google_ads_vn
âm lịch tháng 11,390,/lich-am/thang-11-2026,dataforseo/google_ads_vn
ngày hắc đạo,390,/ngay-tot,dataforseo/google_ads_vn
âm lịch tháng 3,260,/lich-am/thang-03-2026,dataforseo/google_ads_vn
âm lịch tháng 4,210,/lich-am/thang-04-2026,dataforseo/google_ads_vn
âm lịch tháng 5,210,/lich-am/thang-05-2026,dataforseo/google_ads_vn
âm lịch tháng 1,170,/lich-am/thang-01-2026,dataforseo/google_ads_vn
xem ngày tốt,0,/ngay-tot,dataforseo/google_ads_vn
xem ngày cưới,0,/ngay-tot/cuoi-hoi,dataforseo/google_ads_vn
xem ngày động thổ,0,/ngay-tot/dong-tho,dataforseo/google_ads_vn
xem lịch âm,,/lich-am,pattern/pending-volume
âm lịch,,/lich-am,pattern/pending-volume
hôm nay ngày bao nhiêu âm,,/lich-am,pattern/pending-volume
lịch vạn niên,,/lich-am,pattern/pending-volume
lịch vạn niên 2026,,/lich-am/nam-2026,pattern/pending-volume
lịch âm 2027,,/lich-am/nam-2027,pattern/pending-volume
chuyển đổi âm dương lịch,,/doi-lich-am-duong,pattern/pending-volume
lịch âm tháng này,,/lich-am,pattern/pending-volume
lịch âm tháng 6,,/lich-am/thang-06-2026,pattern/pending-volume
âm lịch tháng 6,,/lich-am/thang-06-2026,pattern/pending-volume
lịch âm tháng 7,,/lich-am/thang-07-2026,pattern/pending-volume
âm lịch tháng 8,,/lich-am/thang-08-2026,pattern/pending-volume
lịch âm tháng 9,,/lich-am/thang-09-2026,pattern/pending-volume
lịch âm tháng 10,,/lich-am/thang-10-2026,pattern/pending-volume
lịch âm tháng 11,,/lich-am/thang-11-2026,pattern/pending-volume
lịch âm tháng 12,,/lich-am/thang-12-2026,pattern/pending-volume
âm lịch tháng 12,,/lich-am/thang-12-2026,pattern/pending-volume
ngày tốt hôm nay,,/ngay-hoang-dao-hom-nay,pattern/pending-volume
xem ngày tốt xấu,,/ngay-tot,pattern/pending-volume
ngày hoàng đạo là gì,,/ngay-tot,pattern/pending-volume
lịch ngày tốt,,/ngay-tot,pattern/pending-volume
xem ngày tốt xấu theo tuổi,,/ngay-tot,pattern/pending-volume
ngày tốt trong tháng,,/ngay-tot,pattern/pending-volume
ngày đẹp tháng này,,/ngay-tot,pattern/pending-volume
giờ hoàng đạo hôm nay,,/gio-hoang-dao-hom-nay,pattern/pending-volume
giờ đẹp hôm nay,,/gio-hoang-dao-hom-nay,pattern/pending-volume
giờ xuất hành hôm nay,,/gio-hoang-dao-hom-nay,pattern/pending-volume
ngày tam nương,,/lich-am,pattern/pending-volume
ngày nguyệt kỵ,,/lich-am,pattern/pending-volume
ngày sát chủ,,/lich-am,pattern/pending-volume
can chi,,/lich-am,pattern/pending-volume
can chi hôm nay,,/lich-am,pattern/pending-volume
tiết khí,,/lich-am,pattern/pending-volume
ngày tốt khai trương,,/ngay-tot/khai-truong,pattern/pending-volume
xem ngày khai trương,,/ngay-tot/khai-truong,pattern/pending-volume
ngày đẹp khai trương,,/ngay-tot/khai-truong,pattern/pending-volume
xem ngày tốt khai trương,,/ngay-tot/khai-truong,pattern/pending-volume
ngày tốt để khai trương,,/ngay-tot/khai-truong,pattern/pending-volume
ngày tốt khai trương tháng 7 năm 2026,,/ngay-tot/khai-truong/thang-07-2026,gsc-proven-pattern
ngày tốt khai trương tháng 8 năm 2026,,/ngay-tot/khai-truong/thang-08-2026,gsc-proven-pattern
ngày tốt cưới,,/ngay-tot/cuoi-hoi,pattern/pending-volume
ngày đẹp cưới,,/ngay-tot/cuoi-hoi,pattern/pending-volume
xem ngày tốt cưới,,/ngay-tot/cuoi-hoi,pattern/pending-volume
ngày tốt để cưới,,/ngay-tot/cuoi-hoi,pattern/pending-volume
ngày tốt cưới tháng 7 năm 2026,,/ngay-tot/cuoi-hoi/thang-07-2026,gsc-proven-pattern
ngày tốt cưới tháng 8 năm 2026,,/ngay-tot/cuoi-hoi/thang-08-2026,gsc-proven-pattern
ngày tốt nhập trạch,,/ngay-tot/nhap-trach,pattern/pending-volume
xem ngày nhập trạch,,/ngay-tot/nhap-trach,pattern/pending-volume
ngày đẹp nhập trạch,,/ngay-tot/nhap-trach,pattern/pending-volume
xem ngày tốt nhập trạch,,/ngay-tot/nhap-trach,pattern/pending-volume
ngày tốt để nhập trạch,,/ngay-tot/nhap-trach,pattern/pending-volume
ngày tốt nhập trạch tháng 7 năm 2026,,/ngay-tot/nhap-trach/thang-07-2026,gsc-proven-pattern
ngày tốt nhập trạch tháng 8 năm 2026,,/ngay-tot/nhap-trach/thang-08-2026,gsc-proven-pattern
ngày tốt động thổ,,/ngay-tot/dong-tho,pattern/pending-volume
ngày đẹp động thổ,,/ngay-tot/dong-tho,pattern/pending-volume
xem ngày tốt động thổ,,/ngay-tot/dong-tho,pattern/pending-volume
ngày tốt để động thổ,,/ngay-tot/dong-tho,pattern/pending-volume
ngày tốt động thổ tháng 7 năm 2026,,/ngay-tot/dong-tho/thang-07-2026,gsc-proven-pattern
ngày tốt động thổ tháng 8 năm 2026,,/ngay-tot/dong-tho/thang-08-2026,gsc-proven-pattern
ngày tốt mua xe,,/ngay-tot/mua-xe,pattern/pending-volume
xem ngày mua xe,,/ngay-tot/mua-xe,pattern/pending-volume
ngày đẹp mua xe,,/ngay-tot/mua-xe,pattern/pending-volume
xem ngày tốt mua xe,,/ngay-tot/mua-xe,pattern/pending-volume
ngày tốt để mua xe,,/ngay-tot/mua-xe,pattern/pending-volume
ngày tốt mua xe tháng 7 năm 2026,,/ngay-tot/mua-xe/thang-07-2026,gsc-proven-pattern
ngày tốt mua xe tháng 8 năm 2026,,/ngay-tot/mua-xe/thang-08-2026,gsc-proven-pattern
ngày tốt ký hợp đồng,,/ngay-tot/ky-hop-dong,pattern/pending-volume
xem ngày ký hợp đồng,,/ngay-tot/ky-hop-dong,pattern/pending-volume
ngày đẹp ký hợp đồng,,/ngay-tot/ky-hop-dong,pattern/pending-volume
xem ngày tốt ký hợp đồng,,/ngay-tot/ky-hop-dong,pattern/pending-volume
ngày tốt để ký hợp đồng,,/ngay-tot/ky-hop-dong,pattern/pending-volume
ngày tốt ký hợp đồng tháng 7 năm 2026,,/ngay-tot/ky-hop-dong/thang-07-2026,gsc-proven-pattern
ngày tốt ký hợp đồng tháng 8 năm 2026,,/ngay-tot/ky-hop-dong/thang-08-2026,gsc-proven-pattern
ngày tốt xuất hành,,/ngay-tot/xuat-hanh,pattern/pending-volume
xem ngày xuất hành,,/ngay-tot/xuat-hanh,pattern/pending-volume
ngày đẹp xuất hành,,/ngay-tot/xuat-hanh,pattern/pending-volume
xem ngày tốt xuất hành,,/ngay-tot/xuat-hanh,pattern/pending-volume
ngày tốt để xuất hành,,/ngay-tot/xuat-hanh,pattern/pending-volume
ngày tốt xuất hành tháng 7 năm 2026,,/ngay-tot/xuat-hanh/thang-07-2026,gsc-proven-pattern
ngày tốt xuất hành tháng 8 năm 2026,,/ngay-tot/xuat-hanh/thang-08-2026,gsc-proven-pattern
ngày tốt cắt tóc,,/ngay-tot/cat-toc,pattern/pending-volume
xem ngày cắt tóc,,/ngay-tot/cat-toc,pattern/pending-volume
ngày đẹp cắt tóc,,/ngay-tot/cat-toc,pattern/pending-volume
xem ngày tốt cắt tóc,,/ngay-tot/cat-toc,pattern/pending-volume
ngày tốt cắt tóc tháng 7 năm 2026,,/ngay-tot/cat-toc/thang-07-2026,gsc-proven-pattern
ngày tốt cắt tóc tháng 8 năm 2026,,/ngay-tot/cat-toc/thang-08-2026,gsc-proven-pattern
ngày tốt an táng,,/ngay-tot/an-tang,pattern/pending-volume
xem ngày an táng,,/ngay-tot/an-tang,pattern/pending-volume
ngày đẹp an táng,,/ngay-tot/an-tang,pattern/pending-volume
xem ngày tốt an táng,,/ngay-tot/an-tang,pattern/pending-volume
ngày tốt để an táng,,/ngay-tot/an-tang,pattern/pending-volume
ngày tốt an táng tháng 7 năm 2026,,/ngay-tot/an-tang/thang-07-2026,gsc-proven-pattern
ngày tốt an táng tháng 8 năm 2026,,/ngay-tot/an-tang/thang-08-2026,gsc-proven-pattern
ngày tốt sinh con,,/ngay-tot/sinh-con,pattern/pending-volume
xem ngày sinh con,,/ngay-tot/sinh-con,pattern/pending-volume
ngày đẹp sinh con,,/ngay-tot/sinh-con,pattern/pending-volume
xem ngày tốt sinh con,,/ngay-tot/sinh-con,pattern/pending-volume
ngày tốt để sinh con,,/ngay-tot/sinh-con,pattern/pending-volume
ngày tốt sinh con tháng 7 năm 2026,,/ngay-tot/sinh-con/thang-07-2026,gsc-proven-pattern
ngày tốt sinh con tháng 8 năm 2026,,/ngay-tot/sinh-con/thang-08-2026,gsc-proven-pattern
ngày tốt nhập học,,/ngay-tot/nhap-hoc,pattern/pending-volume
xem ngày nhập học,,/ngay-tot/nhap-hoc,pattern/pending-volume
ngày đẹp nhập học,,/ngay-tot/nhap-hoc,pattern/pending-volume
xem ngày tốt nhập học,,/ngay-tot/nhap-hoc,pattern/pending-volume
ngày tốt để nhập học,,/ngay-tot/nhap-hoc,pattern/pending-volume
ngày tốt nhập học tháng 7 năm 2026,,/ngay-tot/nhap-hoc/thang-07-2026,gsc-proven-pattern
ngày tốt nhập học tháng 8 năm 2026,,/ngay-tot/nhap-hoc/thang-08-2026,gsc-proven-pattern
ngày tốt khai bút,,/ngay-tot/khai-but,pattern/pending-volume
xem ngày khai bút,,/ngay-tot/khai-but,pattern/pending-volume
ngày đẹp khai bút,,/ngay-tot/khai-but,pattern/pending-volume
xem ngày tốt khai bút,,/ngay-tot/khai-but,pattern/pending-volume
ngày tốt để khai bút,,/ngay-tot/khai-but,pattern/pending-volume
ngày tốt khai bút tháng 7 năm 2026,,/ngay-tot/khai-but/thang-07-2026,gsc-proven-pattern
ngày tốt khai bút tháng 8 năm 2026,,/ngay-tot/khai-but/thang-08-2026,gsc-proven-pattern
ngày tốt đổ bê tông,,/ngay-tot/do-be-tong,pattern/pending-volume
xem ngày đổ bê tông,,/ngay-tot/do-be-tong,pattern/pending-volume
ngày đẹp đổ bê tông,,/ngay-tot/do-be-tong,pattern/pending-volume
xem ngày tốt đổ bê tông,,/ngay-tot/do-be-tong,pattern/pending-volume
ngày tốt để đổ bê tông,,/ngay-tot/do-be-tong,pattern/pending-volume
ngày tốt đổ bê tông tháng 7 năm 2026,,/ngay-tot/do-be-tong/thang-07-2026,gsc-proven-pattern
ngày tốt đổ bê tông tháng 8 năm 2026,,/ngay-tot/do-be-tong/thang-08-2026,gsc-proven-pattern
ngày tốt bốc bát hương,,/ngay-tot/boc-bat-huong,pattern/pending-volume
xem ngày bốc bát hương,,/ngay-tot/boc-bat-huong,pattern/pending-volume
ngày đẹp bốc bát hương,,/ngay-tot/boc-bat-huong,pattern/pending-volume
xem ngày tốt bốc bát hương,,/ngay-tot/boc-bat-huong,pattern/pending-volume
ngày tốt để bốc bát hương,,/ngay-tot/boc-bat-huong,pattern/pending-volume
ngày tốt bốc bát hương tháng 7 năm 2026,,/ngay-tot/boc-bat-huong/thang-07-2026,gsc-proven-pattern
ngày tốt bốc bát hương tháng 8 năm 2026,,/ngay-tot/boc-bat-huong/thang-08-2026,gsc-proven-pattern
ngày tốt chuyển nhà,,/ngay-tot/chuyen-nha,pattern/pending-volume
xem ngày chuyển nhà,,/ngay-tot/chuyen-nha,pattern/pending-volume
ngày đẹp chuyển nhà,,/ngay-tot/chuyen-nha,pattern/pending-volume
xem ngày tốt chuyển nhà,,/ngay-tot/chuyen-nha,pattern/pending-volume
ngày tốt để chuyển nhà,,/ngay-tot/chuyen-nha,pattern/pending-volume
ngày tốt chuyển nhà tháng 7 năm 2026,,/ngay-tot/chuyen-nha/thang-07-2026,gsc-proven-pattern
ngày tốt chuyển nhà tháng 8 năm 2026,,/ngay-tot/chuyen-nha/thang-08-2026,gsc-proven-pattern
ngày cưới đẹp,,/ngay-tot/cuoi-hoi,pattern/pending-volume
xem ngày cưới theo tuổi,,/ngay-tot/cuoi-hoi,pattern/pending-volume
xem ngày cưới hỏi năm 2026,,/ngay-tot/cuoi-hoi,pattern/pending-volume
xem ngày cưới tuổi tý,,/ngay-tot/cuoi-hoi/tuoi-tý,pattern/tuoi-axis
xem ngày cưới tuổi sửu,,/ngay-tot/cuoi-hoi/tuoi-sửu,pattern/tuoi-axis
xem ngày cưới tuổi dần,,/ngay-tot/cuoi-hoi/tuoi-dần,pattern/tuoi-axis
xem ngày cưới tuổi mão,,/ngay-tot/cuoi-hoi/tuoi-mão,pattern/tuoi-axis
xem ngày cưới tuổi thìn,,/ngay-tot/cuoi-hoi/tuoi-thìn,pattern/tuoi-axis
xem ngày cưới tuổi tỵ,,/ngay-tot/cuoi-hoi/tuoi-tỵ,pattern/tuoi-axis
xem ngày cưới tuổi ngọ,,/ngay-tot/cuoi-hoi/tuoi-ngọ,pattern/tuoi-axis
xem ngày cưới tuổi mùi,,/ngay-tot/cuoi-hoi/tuoi-mùi,pattern/tuoi-axis
xem ngày cưới tuổi thân,,/ngay-tot/cuoi-hoi/tuoi-thân,pattern/tuoi-axis
xem ngày cưới tuổi dậu,,/ngay-tot/cuoi-hoi/tuoi-dậu,pattern/tuoi-axis
xem ngày cưới tuổi tuất,,/ngay-tot/cuoi-hoi/tuoi-tuất,pattern/tuoi-axis
xem ngày cưới tuổi hợi,,/ngay-tot/cuoi-hoi/tuoi-hợi,pattern/tuoi-axis
xem ngày làm nhà tuổi tý,,/ngay-tot/dong-tho/tuoi-tý,pattern/tuoi-axis
xem ngày làm nhà tuổi sửu,,/ngay-tot/dong-tho/tuoi-sửu,pattern/tuoi-axis
xem ngày làm nhà tuổi dần,,/ngay-tot/dong-tho/tuoi-dần,pattern/tuoi-axis
xem ngày làm nhà tuổi mão,,/ngay-tot/dong-tho/tuoi-mão,pattern/tuoi-axis
xem ngày làm nhà tuổi thìn,,/ngay-tot/dong-tho/tuoi-thìn,pattern/tuoi-axis
xem ngày làm nhà tuổi tỵ,,/ngay-tot/dong-tho/tuoi-tỵ,pattern/tuoi-axis
xem ngày làm nhà tuổi ngọ,,/ngay-tot/dong-tho/tuoi-ngọ,pattern/tuoi-axis
xem ngày làm nhà tuổi mùi,,/ngay-tot/dong-tho/tuoi-mùi,pattern/tuoi-axis
xem ngày làm nhà tuổi thân,,/ngay-tot/dong-tho/tuoi-thân,pattern/tuoi-axis
xem ngày làm nhà tuổi dậu,,/ngay-tot/dong-tho/tuoi-dậu,pattern/tuoi-axis
xem ngày làm nhà tuổi tuất,,/ngay-tot/dong-tho/tuoi-tuất,pattern/tuoi-axis
xem ngày làm nhà tuổi hợi,,/ngay-tot/dong-tho/tuoi-hợi,pattern/tuoi-axis
xem ngày khai trương tuổi tý,,/ngay-tot/khai-truong/tuoi-tý,pattern/tuoi-axis
xem ngày khai trương tuổi sửu,,/ngay-tot/khai-truong/tuoi-sửu,pattern/tuoi-axis
xem ngày khai trương tuổi dần,,/ngay-tot/khai-truong/tuoi-dần,pattern/tuoi-axis
xem ngày khai trương tuổi mão,,/ngay-tot/khai-truong/tuoi-mão,pattern/tuoi-axis
xem ngày khai trương tuổi thìn,,/ngay-tot/khai-truong/tuoi-thìn,pattern/tuoi-axis
xem ngày khai trương tuổi tỵ,,/ngay-tot/khai-truong/tuoi-tỵ,pattern/tuoi-axis
xem ngày khai trương tuổi ngọ,,/ngay-tot/khai-truong/tuoi-ngọ,pattern/tuoi-axis
xem ngày khai trương tuổi mùi,,/ngay-tot/khai-truong/tuoi-mùi,pattern/tuoi-axis
xem ngày khai trương tuổi thân,,/ngay-tot/khai-truong/tuoi-thân,pattern/tuoi-axis
xem ngày khai trương tuổi dậu,,/ngay-tot/khai-truong/tuoi-dậu,pattern/tuoi-axis
xem ngày khai trương tuổi tuất,,/ngay-tot/khai-truong/tuoi-tuất,pattern/tuoi-axis
xem ngày khai trương tuổi hợi,,/ngay-tot/khai-truong/tuoi-hợi,pattern/tuoi-axis
xem ngày nhập trạch tuổi tý,,/ngay-tot/nhap-trach/tuoi-tý,pattern/tuoi-axis
xem ngày nhập trạch tuổi sửu,,/ngay-tot/nhap-trach/tuoi-sửu,pattern/tuoi-axis
xem ngày nhập trạch tuổi dần,,/ngay-tot/nhap-trach/tuoi-dần,pattern/tuoi-axis
xem ngày nhập trạch tuổi mão,,/ngay-tot/nhap-trach/tuoi-mão,pattern/tuoi-axis
xem ngày nhập trạch tuổi thìn,,/ngay-tot/nhap-trach/tuoi-thìn,pattern/tuoi-axis
xem ngày nhập trạch tuổi tỵ,,/ngay-tot/nhap-trach/tuoi-tỵ,pattern/tuoi-axis
xem ngày nhập trạch tuổi ngọ,,/ngay-tot/nhap-trach/tuoi-ngọ,pattern/tuoi-axis
xem ngày nhập trạch tuổi mùi,,/ngay-tot/nhap-trach/tuoi-mùi,pattern/tuoi-axis
xem ngày nhập trạch tuổi thân,,/ngay-tot/nhap-trach/tuoi-thân,pattern/tuoi-axis
xem ngày nhập trạch tuổi dậu,,/ngay-tot/nhap-trach/tuoi-dậu,pattern/tuoi-axis
xem ngày nhập trạch tuổi tuất,,/ngay-tot/nhap-trach/tuoi-tuất,pattern/tuoi-axis
xem ngày nhập trạch tuổi hợi,,/ngay-tot/nhap-trach/tuoi-hợi,pattern/tuoi-axis
tuổi xông đất 2027,,/ngay-tot/xong-dat,pattern/tet-seasonal
xem tuổi xông đất,,/ngay-tot/xong-dat,pattern/tet-seasonal
ngày tốt xuất hành đầu năm,,/ngay-tot/xuat-hanh,pattern/tet-seasonal
ngày lành tháng tốt,,homepage,brand
ngaylanhthangtot,,homepage,brand
kim lâu là gì,,/xem-tuoi/kim-lau,pattern/pending-volume
cách tính kim lâu,,/xem-tuoi/kim-lau,pattern/pending-volume
tính kim lâu online,,/xem-tuoi/kim-lau,pattern/pending-volume
gái kim lâu,,/xem-tuoi/kim-lau,pattern/pending-volume
tuổi kim lâu 2027,,/xem-tuoi/kim-lau-2027,serp-verified-pattern
kim lâu 2027 tuổi nào,,/xem-tuoi/kim-lau-2027,serp-verified-pattern
hoang ốc là gì,,/xem-tuoi/hoang-oc,pattern/pending-volume
cách tính hoang ốc,,/xem-tuoi/hoang-oc,pattern/pending-volume
tam tai là gì,,/xem-tuoi/tam-tai,pattern/pending-volume
tuổi tam tai 2027,,/xem-tuoi/tam-tai-2027,serp-verified-pattern
tam tai 2027 là tuổi nào,,/xem-tuoi/tam-tai-2027,serp-verified-pattern
cách hoá giải tam tai,,/xem-tuoi/tam-tai,pattern/pending-volume
bảng tính kim lâu hoang ốc tam tai,,/xem-tuoi/kim-lau-2027,serp-verified-pattern
xem tuổi làm nhà 2027,,/xem-tuoi/lam-nha-2027,serp-verified-pattern
tuổi làm nhà năm 2027,,/xem-tuoi/lam-nha-2027,serp-verified-pattern
tuổi đẹp làm nhà 2027,,/xem-tuoi/lam-nha-2027,serp-verified-pattern
xem tuổi làm nhà 2028,,/xem-tuoi/lam-nha-2028,serp-verified-pattern
tuổi nào cưới năm 2027 đẹp,,/xem-tuoi/cuoi-2027,serp-verified-pattern
xem tuổi cưới năm 2027,,/xem-tuoi/cuoi-2027,serp-verified-pattern
năm 2027 tuổi nào phạm tam tai,,/xem-tuoi/tam-tai-2027,serp-verified-pattern
sinh năm 1976 làm nhà năm 2027 được không,,/xem-tuoi/lam-nha-2027/nam-sinh-1976,serp-verified-pattern
tuổi 1976 cưới năm 2027 được không,,/xem-tuoi/cuoi-2027/nam-sinh-1976,pattern/pending-volume
sinh năm 1980 làm nhà năm 2027 được không,,/xem-tuoi/lam-nha-2027/nam-sinh-1980,serp-verified-pattern
tuổi 1980 cưới năm 2027 được không,,/xem-tuoi/cuoi-2027/nam-sinh-1980,pattern/pending-volume
sinh năm 1984 làm nhà năm 2027 được không,,/xem-tuoi/lam-nha-2027/nam-sinh-1984,serp-verified-pattern
tuổi 1984 cưới năm 2027 được không,,/xem-tuoi/cuoi-2027/nam-sinh-1984,pattern/pending-volume
sinh năm 1988 làm nhà năm 2027 được không,,/xem-tuoi/lam-nha-2027/nam-sinh-1988,serp-verified-pattern
tuổi 1988 cưới năm 2027 được không,,/xem-tuoi/cuoi-2027/nam-sinh-1988,pattern/pending-volume
sinh năm 1990 làm nhà năm 2027 được không,,/xem-tuoi/lam-nha-2027/nam-sinh-1990,serp-verified-pattern
tuổi 1990 cưới năm 2027 được không,,/xem-tuoi/cuoi-2027/nam-sinh-1990,pattern/pending-volume
sinh năm 1993 làm nhà năm 2027 được không,,/xem-tuoi/lam-nha-2027/nam-sinh-1993,serp-verified-pattern
tuổi 1993 cưới năm 2027 được không,,/xem-tuoi/cuoi-2027/nam-sinh-1993,pattern/pending-volume
sinh năm 1995 làm nhà năm 2027 được không,,/xem-tuoi/lam-nha-2027/nam-sinh-1995,serp-verified-pattern
tuổi 1995 cưới năm 2027 được không,,/xem-tuoi/cuoi-2027/nam-sinh-1995,pattern/pending-volume
sinh năm 2000 làm nhà năm 2027 được không,,/xem-tuoi/lam-nha-2027/nam-sinh-2000,serp-verified-pattern
tuổi 2000 cưới năm 2027 được không,,/xem-tuoi/cuoi-2027/nam-sinh-2000,pattern/pending-volume
sinh năm 1950 mệnh gì,,/menh/1950,pattern/pending-volume
sinh năm 1951 mệnh gì,,/menh/1951,pattern/pending-volume
sinh năm 1952 mệnh gì,,/menh/1952,pattern/pending-volume
sinh năm 1953 mệnh gì,,/menh/1953,pattern/pending-volume
sinh năm 1954 mệnh gì,,/menh/1954,pattern/pending-volume
sinh năm 1955 mệnh gì,,/menh/1955,pattern/pending-volume
sinh năm 1956 mệnh gì,,/menh/1956,pattern/pending-volume
sinh năm 1957 mệnh gì,,/menh/1957,pattern/pending-volume
sinh năm 1958 mệnh gì,,/menh/1958,pattern/pending-volume
sinh năm 1959 mệnh gì,,/menh/1959,pattern/pending-volume
sinh năm 1960 mệnh gì,,/menh/1960,pattern/pending-volume
sinh năm 1961 mệnh gì,,/menh/1961,pattern/pending-volume
sinh năm 1962 mệnh gì,,/menh/1962,pattern/pending-volume
sinh năm 1963 mệnh gì,,/menh/1963,pattern/pending-volume
sinh năm 1964 mệnh gì,,/menh/1964,pattern/pending-volume
sinh năm 1965 mệnh gì,,/menh/1965,pattern/pending-volume
sinh năm 1966 mệnh gì,,/menh/1966,pattern/pending-volume
sinh năm 1967 mệnh gì,,/menh/1967,pattern/pending-volume
sinh năm 1968 mệnh gì,,/menh/1968,pattern/pending-volume
sinh năm 1969 mệnh gì,,/menh/1969,pattern/pending-volume
sinh năm 1970 mệnh gì,,/menh/1970,pattern/pending-volume
sinh năm 1971 mệnh gì,,/menh/1971,pattern/pending-volume
sinh năm 1972 mệnh gì,,/menh/1972,pattern/pending-volume
sinh năm 1973 mệnh gì,,/menh/1973,pattern/pending-volume
sinh năm 1974 mệnh gì,,/menh/1974,pattern/pending-volume
sinh năm 1975 mệnh gì,,/menh/1975,pattern/pending-volume
sinh năm 1976 mệnh gì,,/menh/1976,pattern/pending-volume
sinh năm 1977 mệnh gì,,/menh/1977,pattern/pending-volume
sinh năm 1978 mệnh gì,,/menh/1978,pattern/pending-volume
sinh năm 1979 mệnh gì,,/menh/1979,pattern/pending-volume
sinh năm 1980 mệnh gì,,/menh/1980,pattern/pending-volume
sinh năm 1981 mệnh gì,,/menh/1981,pattern/pending-volume
sinh năm 1982 mệnh gì,,/menh/1982,pattern/pending-volume
sinh năm 1983 mệnh gì,,/menh/1983,pattern/pending-volume
sinh năm 1984 mệnh gì,,/menh/1984,pattern/pending-volume
sinh năm 1985 mệnh gì,,/menh/1985,pattern/pending-volume
sinh năm 1986 mệnh gì,,/menh/1986,pattern/pending-volume
sinh năm 1987 mệnh gì,,/menh/1987,pattern/pending-volume
sinh năm 1988 mệnh gì,,/menh/1988,pattern/pending-volume
sinh năm 1989 mệnh gì,,/menh/1989,pattern/pending-volume
sinh năm 1990 mệnh gì,,/menh/1990,pattern/pending-volume
sinh năm 1991 mệnh gì,,/menh/1991,pattern/pending-volume
sinh năm 1992 mệnh gì,,/menh/1992,pattern/pending-volume
sinh năm 1993 mệnh gì,,/menh/1993,pattern/pending-volume
sinh năm 1994 mệnh gì,,/menh/1994,pattern/pending-volume
sinh năm 1995 mệnh gì,,/menh/1995,pattern/pending-volume
sinh năm 1996 mệnh gì,,/menh/1996,pattern/pending-volume
sinh năm 1997 mệnh gì,,/menh/1997,pattern/pending-volume
sinh năm 1998 mệnh gì,,/menh/1998,pattern/pending-volume
sinh năm 1999 mệnh gì,,/menh/1999,pattern/pending-volume
sinh năm 2000 mệnh gì,,/menh/2000,pattern/pending-volume
sinh năm 2001 mệnh gì,,/menh/2001,pattern/pending-volume
sinh năm 2002 mệnh gì,,/menh/2002,pattern/pending-volume
sinh năm 2003 mệnh gì,,/menh/2003,pattern/pending-volume
sinh năm 2004 mệnh gì,,/menh/2004,pattern/pending-volume
sinh năm 2005 mệnh gì,,/menh/2005,pattern/pending-volume
sinh năm 2006 mệnh gì,,/menh/2006,pattern/pending-volume
sinh năm 2007 mệnh gì,,/menh/2007,pattern/pending-volume
sinh năm 2008 mệnh gì,,/menh/2008,pattern/pending-volume
sinh năm 2009 mệnh gì,,/menh/2009,pattern/pending-volume
sinh năm 2010 mệnh gì,,/menh/2010,pattern/pending-volume
sinh năm 2011 mệnh gì,,/menh/2011,pattern/pending-volume
sinh năm 2012 mệnh gì,,/menh/2012,pattern/pending-volume
sinh năm 2013 mệnh gì,,/menh/2013,pattern/pending-volume
sinh năm 2014 mệnh gì,,/menh/2014,pattern/pending-volume
sinh năm 2015 mệnh gì,,/menh/2015,pattern/pending-volume
sinh năm 2016 mệnh gì,,/menh/2016,pattern/pending-volume
sinh năm 2017 mệnh gì,,/menh/2017,pattern/pending-volume
sinh năm 2018 mệnh gì,,/menh/2018,pattern/pending-volume
sinh năm 2019 mệnh gì,,/menh/2019,pattern/pending-volume
sinh năm 2020 mệnh gì,,/menh/2020,pattern/pending-volume
sinh năm 2021 mệnh gì,,/menh/2021,pattern/pending-volume
sinh năm 2022 mệnh gì,,/menh/2022,pattern/pending-volume
sinh năm 2023 mệnh gì,,/menh/2023,pattern/pending-volume
sinh năm 2024 mệnh gì,,/menh/2024,pattern/pending-volume
sinh năm 2025 mệnh gì,,/menh/2025,pattern/pending-volume
sinh năm 2026 mệnh gì,,/menh/2026,pattern/pending-volume
sinh năm 2027 mệnh gì,,/menh/2027,pattern/pending-volume
1990 mệnh gì hợp màu gì,,/menh/1990,pattern/pending-volume
1995 mệnh gì hợp tuổi nào,,/menh/1995,pattern/pending-volume
ngũ hành nạp âm là gì,,/menh,pattern/pending-volume
bảng ngũ hành nạp âm,,/menh,pattern/pending-volume
vía thần tài 2026 là ngày nào,,/le-am-lich/via-than-tai-2026,pattern/pending-volume
vía thần tài 2026 ngày bao nhiêu dương lịch,,/le-am-lich/via-than-tai-2026,pattern/pending-volume
vía thần tài 2027 là ngày nào,,/le-am-lich/via-than-tai-2027,pattern/pending-volume
vía thần tài 2027 ngày bao nhiêu dương lịch,,/le-am-lich/via-than-tai-2027,pattern/pending-volume
rằm tháng giêng 2026 là ngày nào,,/le-am-lich/ram-thang-gieng-2026,pattern/pending-volume
rằm tháng giêng 2026 ngày bao nhiêu dương lịch,,/le-am-lich/ram-thang-gieng-2026,pattern/pending-volume
rằm tháng giêng 2027 là ngày nào,,/le-am-lich/ram-thang-gieng-2027,pattern/pending-volume
rằm tháng giêng 2027 ngày bao nhiêu dương lịch,,/le-am-lich/ram-thang-gieng-2027,pattern/pending-volume
tết đoan ngọ 2026 là ngày nào,,/le-am-lich/tet-doan-ngo-2026,pattern/pending-volume
tết đoan ngọ 2026 ngày bao nhiêu dương lịch,,/le-am-lich/tet-doan-ngo-2026,pattern/pending-volume
tết đoan ngọ 2027 là ngày nào,,/le-am-lich/tet-doan-ngo-2027,pattern/pending-volume
tết đoan ngọ 2027 ngày bao nhiêu dương lịch,,/le-am-lich/tet-doan-ngo-2027,pattern/pending-volume
lễ vu lan 2026 là ngày nào,,/le-am-lich/le-vu-lan-2026,pattern/pending-volume
lễ vu lan 2026 ngày bao nhiêu dương lịch,,/le-am-lich/le-vu-lan-2026,pattern/pending-volume
lễ vu lan 2027 là ngày nào,,/le-am-lich/le-vu-lan-2027,pattern/pending-volume
lễ vu lan 2027 ngày bao nhiêu dương lịch,,/le-am-lich/le-vu-lan-2027,pattern/pending-volume
rằm tháng 7 2026 là ngày nào,,/le-am-lich/ram-thang-7-2026,pattern/pending-volume
rằm tháng 7 2026 ngày bao nhiêu dương lịch,,/le-am-lich/ram-thang-7-2026,pattern/pending-volume
rằm tháng 7 2027 là ngày nào,,/le-am-lich/ram-thang-7-2027,pattern/pending-volume
rằm tháng 7 2027 ngày bao nhiêu dương lịch,,/le-am-lich/ram-thang-7-2027,pattern/pending-volume
ông công ông táo 2026 là ngày nào,,/le-am-lich/ong-cong-ong-tao-2026,pattern/pending-volume
ông công ông táo 2026 ngày bao nhiêu dương lịch,,/le-am-lich/ong-cong-ong-tao-2026,pattern/pending-volume
ông công ông táo 2027 là ngày nào,,/le-am-lich/ong-cong-ong-tao-2027,pattern/pending-volume
ông công ông táo 2027 ngày bao nhiêu dương lịch,,/le-am-lich/ong-cong-ong-tao-2027,pattern/pending-volume
tết hàn thực 2026 là ngày nào,,/le-am-lich/tet-han-thuc-2026,pattern/pending-volume
tết hàn thực 2026 ngày bao nhiêu dương lịch,,/le-am-lich/tet-han-thuc-2026,pattern/pending-volume
tết hàn thực 2027 là ngày nào,,/le-am-lich/tet-han-thuc-2027,pattern/pending-volume
tết hàn thực 2027 ngày bao nhiêu dương lịch,,/le-am-lich/tet-han-thuc-2027,pattern/pending-volume
giỗ tổ hùng vương 2026 là ngày nào,,/le-am-lich/gio-to-hung-vuong-2026,pattern/pending-volume
giỗ tổ hùng vương 2026 ngày bao nhiêu dương lịch,,/le-am-lich/gio-to-hung-vuong-2026,pattern/pending-volume
giỗ tổ hùng vương 2027 là ngày nào,,/le-am-lich/gio-to-hung-vuong-2027,pattern/pending-volume
giỗ tổ hùng vương 2027 ngày bao nhiêu dương lịch,,/le-am-lich/gio-to-hung-vuong-2027,pattern/pending-volume
rằm trung thu 2026 là ngày nào,,/le-am-lich/trung-thu-2026,pattern/pending-volume
rằm trung thu 2026 ngày bao nhiêu dương lịch,,/le-am-lich/trung-thu-2026,pattern/pending-volume
rằm trung thu 2027 là ngày nào,,/le-am-lich/trung-thu-2027,pattern/pending-volume
rằm trung thu 2027 ngày bao nhiêu dương lịch,,/le-am-lich/trung-thu-2027,pattern/pending-volume
hôm nay có phải rằm không,,/lich-am,dataforseo/google_ads_vn
mùng 1 tháng này là ngày nào,,/lich-am,pattern/pending-volume
văn khấn nhập trạch,,/van-khan/nhap-trach,serp-verified-pattern
bài cúng nhập trạch,,/van-khan/nhap-trach,pattern/pending-volume
văn khấn động thổ,,/van-khan/dong-tho,serp-verified-pattern
bài cúng động thổ,,/van-khan/dong-tho,pattern/pending-volume
văn khấn khai trương,,/van-khan/khai-truong,serp-verified-pattern
bài cúng khai trương,,/van-khan/khai-truong,pattern/pending-volume
văn khấn xe mới,,/van-khan/mua-xe,serp-verified-pattern
bài cúng xe mới,,/van-khan/mua-xe,pattern/pending-volume
văn khấn về nhà mới,,/van-khan/ve-nha-moi,serp-verified-pattern
bài cúng về nhà mới,,/van-khan/ve-nha-moi,pattern/pending-volume
văn khấn mùng 1,,/van-khan/mung-1,serp-verified-pattern
bài cúng mùng 1,,/van-khan/mung-1,pattern/pending-volume
văn khấn rằm,,/van-khan/ram,serp-verified-pattern
bài cúng rằm,,/van-khan/ram,pattern/pending-volume
văn khấn thần tài,,/van-khan/than-tai,serp-verified-pattern
bài cúng thần tài,,/van-khan/than-tai,pattern/pending-volume
văn khấn tất niên,,/van-khan/tat-nien,serp-verified-pattern
bài cúng tất niên,,/van-khan/tat-nien,pattern/pending-volume
văn khấn giao thừa,,/van-khan/giao-thua,serp-verified-pattern
bài cúng giao thừa,,/van-khan/giao-thua,pattern/pending-volume
văn khấn bốc bát hương,,/van-khan/boc-bat-huong,serp-verified-pattern
bài cúng bốc bát hương,,/van-khan/boc-bat-huong,pattern/pending-volume
văn khấn cúng đất,,/van-khan/cung-dat,serp-verified-pattern
bài cúng cúng đất,,/van-khan/cung-dat,pattern/pending-volume
văn khấn mùng 1 hàng tháng,,/van-khan/mung-1,pattern/pending-volume
văn khấn rằm hàng tháng,,/van-khan/ram,pattern/pending-volume
bát tự là gì,,/bat-tu,pattern/pending-volume
xem bát tự,,/bat-tu,pattern/pending-volume
lá số bát tự,,/bat-tu,pattern/pending-volume
lập lá số bát tự online,,/bat-tu,pattern/pending-volume
xem bát tự theo ngày sinh,,/bat-tu,pattern/pending-volume
tứ trụ là gì,,/bat-tu/tu-tru,pattern/pending-volume
xem tứ trụ ngày sinh,,/bat-tu/tu-tru,pattern/pending-volume
dụng thần là gì,,/bat-tu/dung-than,pattern/pending-volume
thân vượng thân nhược,,/bat-tu/dung-than,pattern/pending-volume
bát tự hợp nghề gì,,/bat-tu,pattern/pending-volume
xem ngày tốt theo bát tự,,/bat-tu/xem-ngay,pattern/pending-volume
chọn ngày theo tuổi bát tự,,/bat-tu/xem-ngay,pattern/pending-volume
ngày hợp mệnh,,/bat-tu/xem-ngay,pattern/pending-volume
sao hạn 2027,,/sao-han/2027,pattern/pending-volume
xem sao hạn năm 2027,,/sao-han/2027,pattern/pending-volume
sao la hầu,,/sao-han/la-hau,pattern/pending-volume
sao kế đô,,/sao-han/ke-do,pattern/pending-volume
sao thái bạch,,/sao-han/thai-bach,pattern/pending-volume
sao chiếu mệnh là gì,,/sao-han,pattern/pending-volume
cách tính sao hạn,,/sao-han,pattern/pending-volume
hôm nay có nên cắt tóc không,,/hom-nay/cat-toc,pattern/pending-volume
hôm nay có nên xuất hành không,,/hom-nay/xuat-hanh,pattern/pending-volume
hôm nay có nên mua xe không,,/hom-nay/mua-xe,pattern/pending-volume
hôm nay có nên ký hợp đồng không,,/hom-nay/ky-hop-dong,pattern/pending-volume
xuất hành hướng nào hôm nay,,/gio-hoang-dao-hom-nay,pattern/pending-volume
hôm nay là ngày con gì,,/lich-am,pattern/pending-volume
sinh con năm 2027 tháng nào tốt,,/sinh-con/2027,pattern/pending-volume
con sinh năm 2027 mệnh gì,,/sinh-con/2027,pattern/pending-volume
sinh con năm 2027 hợp tuổi bố mẹ nào,,/sinh-con/2027,pattern/pending-volume
2027 là năm con gì,,/sinh-con/2027,pattern/pending-volume
sinh con năm 2028 tháng nào tốt,,/sinh-con/2028,pattern/pending-volume
